Region,Activity
1,-0.32124872840202556
2,-1.0300832498179202
3,1.252232932740798
4,-1.1875380252922778
5,-0.2411508723251639
6,-0.07122661065125206
7,0.26769002838483447
8,0.24108527259838336
9,3.6591336569569815
10,-0.20386408286758467
11,-0.32751246230717024
12,-0.03711007841183696
13,-0.06369717810261692
14,-0.31320488542562336
15,-0.2527728137621865
16,-0.32232580235630987
17,0.1955009215224665
18,-0.7687680810495858
19,-0.47513994143190785
