Region,normalised_entropy
1,0.6202420721101195
2,-1.422154646200717
3,-1.206840748769998
4,2.2980378024185053
5,-0.6257574205146889
6,-0.32242353040865307
7,-0.16558370772374065
8,1.2630353293280356
9,2.0836079137442076
10,-0.22440384180442102
11,-0.06332535737149204
12,-0.7246480707053407
13,0.6728331499309715
14,-0.3628092904050009
15,0.2962672613820278
16,-0.8847212506445068
17,0.04096105580374011
18,-1.1607107521263729
19,-0.11160596804274699
