Region,avg_introversion
1,-0.2946583110525116
2,1.3697464230418113
3,0.41662281874926005
4,0.688602928045181
5,-0.16285992296020088
6,-0.5227139807929252
7,-0.35849084278324334
8,-1.6538866980148355
9,-2.8501099545070874
10,-0.07261019661759832
11,0.37281102998060456
12,0.4398976548843767
13,-0.3838589543684355
14,1.4317245078307368
15,0.13877514048809286
16,0.8629788833850933
17,-0.8255168588198156
18,0.9635864557922522
19,0.43995987771925027
