Region,medDegree
1,-0.5259539996912158
2,-0.847695529374817
3,1.6661189158996834
4,-2.7015655156336664
5,0.43497319560632774
6,0.35382684866694786
7,0.29626836542024754
8,0.7733662682972091
9,0.7725129762288363
10,0.3116267339410224
11,0.7286062188550401
12,1.2618556155767333
13,0.005617978102096283
14,-0.6997215324272777
15,-0.47664887414297075
16,-0.32118968244424845
17,1.0255157811355964
18,-1.2784705271632284
19,-0.7790432368523369
