Region,Activity
2631,3.009423909356531
2632,-0.17757410744949356
2633,-0.55576437017079
2634,-0.21888667404245346
2635,-0.5046417340170317
2636,-0.4695666357576866
2637,-0.6277543489921739
2638,-0.07418983122557933
2639,-0.4741382291402832
2640,0.5215059445600133
2641,-0.42841392312105564
