Region,normalised_entropy
2631,1.5438079552423234
2632,1.4464660523186992
2633,0.6477978296908538
2634,-0.18316579297298843
2635,-0.27445210004879156
2636,-0.15744518664129517
2637,-0.5432614067863217
2638,-1.5124180103635323
2639,-1.714307170472637
2640,0.6656447559173059
2641,0.0813330741163543
