Region,gResidual
2631,2.740982898343315
2632,-0.02879018691389747
2633,-0.48897105207513575
2634,0.05433138518410116
2635,-0.6331700398910372
2636,-0.07996395943053931
2637,-0.779321093760007
2638,-0.15005204580919643
2639,-0.5455676359564148
2640,0.9313081343254934
2641,-1.0207864040166819
