Region,avg_introversion
2631,-1.7895212520734833
2632,-1.7600247822146784
2633,0.1492926202410164
2634,-0.3224106187633778
2635,0.31370422914641327
2636,0.3101004291421851
2637,1.6483735415453957
2638,1.041426620356491
2639,0.6769644280698114
2640,-0.3379682494299614
2641,0.07006303398018753
