Region,medDegree
2631,2.384725233371333
2632,0.07951865714697978
2633,-0.4592652819937007
2634,-0.2772119595646576
2635,-1.0623960349979709
2636,-0.5554965690718807
2637,-0.26769695483847167
2638,0.28227772202930806
2639,-1.4484684229243103
2640,1.1394061855245374
2641,0.18460742531883184
