Region,Care_Pop_Count
2631,2.7146652983130926
2632,0.8310172804363327
2633,0.04565309494164216
2634,-0.06813349596957508
2635,-0.3338098175877449
2636,-0.7732855247193874
2637,-0.8243200439878764
2638,-0.6786269907477727
2639,-0.9635232435031386
2640,0.3028445708291612
2641,-0.2524811280047345
